{
  "layer_0": {
    "mean": -0.018384495750069618,
    "std": 1.54366135597229,
    "min": -31.067293167114258,
    "max": 28.862205505371094,
    "norm": 1.5437708662631462
  },
  "layer_1": {
    "mean": -0.013753315433859825,
    "std": 1.680574655532837,
    "min": -32.97985076904297,
    "max": 31.339279174804688,
    "norm": 1.6806308678896533
  },
  "layer_2": {
    "mean": -0.010603331960737705,
    "std": 1.7648735046386719,
    "min": -35.08899688720703,
    "max": 32.468257904052734,
    "norm": 1.7649052647485288
  },
  "layer_3": {
    "mean": -0.007801104336977005,
    "std": 1.8545160293579102,
    "min": -37.28809356689453,
    "max": 33.928077697753906,
    "norm": 1.8545322240398363
  },
  "layer_4": {
    "mean": -0.005331746302545071,
    "std": 1.9572961330413818,
    "min": -39.32841110229492,
    "max": 36.08299255371094,
    "norm": 1.9573033226858123
  },
  "layer_5": {
    "mean": -0.004219035618007183,
    "std": 2.0322446823120117,
    "min": -41.26274871826172,
    "max": 37.15752029418945,
    "norm": 2.032249148823714
  },
  "layer_6": {
    "mean": -0.004522626753896475,
    "std": 2.1065096855163574,
    "min": -42.02522659301758,
    "max": 38.16908645629883,
    "norm": 2.1065144635308592
  },
  "layer_7": {
    "mean": -0.003128106938675046,
    "std": 2.136476516723633,
    "min": -42.97796630859375,
    "max": 38.605464935302734,
    "norm": 2.1364789816999448
  },
  "layer_8": {
    "mean": -0.00138280657120049,
    "std": 2.1604089736938477,
    "min": -43.501365661621094,
    "max": 38.748104095458984,
    "norm": 2.160409219692647
  },
  "layer_9": {
    "mean": -0.004767837934195995,
    "std": 2.171860694885254,
    "min": -42.80620193481445,
    "max": 38.95267105102539,
    "norm": 2.1718658776775848
  },
  "layer_10": {
    "mean": -0.004378686659038067,
    "std": 2.2070376873016357,
    "min": -43.831214904785156,
    "max": 39.27151107788086,
    "norm": 2.207041970424514
  },
  "layer_11": {
    "mean": -0.0026573084760457277,
    "std": 2.26408314704895,
    "min": -45.249202728271484,
    "max": 39.622432708740234,
    "norm": 2.26408460086693
  },
  "layer_12": {
    "mean": 0.002193757798522711,
    "std": 2.313339948654175,
    "min": -46.662845611572266,
    "max": 40.20746994018555,
    "norm": 2.3133409320073346
  },
  "layer_13": {
    "mean": 0.003954831976443529,
    "std": 2.3737900257110596,
    "min": -48.23591232299805,
    "max": 40.70122528076172,
    "norm": 2.3737932066935503
  },
  "layer_14": {
    "mean": 0.005522474180907011,
    "std": 2.457693099975586,
    "min": -50.263084411621094,
    "max": 41.336971282958984,
    "norm": 2.4576992256607046
  },
  "layer_15": {
    "mean": 0.00634764414280653,
    "std": 2.525742292404175,
    "min": -52.38249588012695,
    "max": 41.92264938354492,
    "norm": 2.525750368736361
  },
  "layer_16": {
    "mean": 0.008258892223238945,
    "std": 2.609663963317871,
    "min": -55.76103591918945,
    "max": 42.596004486083984,
    "norm": 2.609677045816968
  },
  "layer_17": {
    "mean": 0.010911243036389351,
    "std": 2.662553310394287,
    "min": -57.55086898803711,
    "max": 43.014556884765625,
    "norm": 2.6625756888585306
  },
  "layer_18": {
    "mean": 0.012006781995296478,
    "std": 2.729661464691162,
    "min": -59.53559494018555,
    "max": 43.49494552612305,
    "norm": 2.729687717112394
  },
  "layer_19": {
    "mean": 0.01224305760115385,
    "std": 2.8196630477905273,
    "min": -61.299503326416016,
    "max": 44.35346603393555,
    "norm": 2.8196895382288423
  },
  "layer_20": {
    "mean": 0.006698989775031805,
    "std": 2.972846508026123,
    "min": -66.22305297851562,
    "max": 45.506160736083984,
    "norm": 2.972853918200888
  },
  "layer_21": {
    "mean": -0.0021542063914239407,
    "std": 3.113182783126831,
    "min": -69.49213409423828,
    "max": 46.366886138916016,
    "norm": 3.1131834273634635
  },
  "layer_22": {
    "mean": -0.005371897015720606,
    "std": 3.3655269145965576,
    "min": -75.2305908203125,
    "max": 55.61808395385742,
    "norm": 3.3655311797523715
  },
  "layer_23": {
    "mean": 0.03880169987678528,
    "std": 3.286215305328369,
    "min": -78.32378387451172,
    "max": 59.57063293457031,
    "norm": 3.286444381996602
  }
}